UniversityId,University
1,Arizona State University
2,Arizona State University
3,Arizona State University
4,Arizona State University
5,Arizona State University
6,Arizona State University
7,Arizona State University
8,Arizona State University
9,Arizona State University
10,Arizona State University
11,Arizona State University
12,Arizona State University
13,Arizona State University
14,Arizona State University
16,Arizona State University
17,Arizona State University
18,Arizona State University
19,Arizona State University
21,Arizona State University
22,Arizona State University
23,Arizona State University
24,Arizona State University
25,Arizona State University
26,Arizona State University
27,Arizona State University
28,Arizona State University
29,Arizona State University
30,Arizona State University
31,Arizona State University
32,Arizona State University
33,Arizona State University
34,Arizona State University
36,Arizona State University
37,Arizona State University
38,Arizona State University
39,Arizona State University
40,Arizona State University
41,Arizona State University
42,Arizona State University
43,Arizona State University
44,Arizona State University
45,Arizona State University
46,Arizona State University
47,Arizona State University
48,Arizona State University
49,Arizona State University
50,Arizona State University
51,Arizona State University
52,Arizona State University
53,Arizona State University
54,Arizona State University
55,Arizona State University
56,Arizona State University
57,Arizona State University
58,Arizona State University
59,Arizona State University
70,Arizona State University
74,Arizona State University
76,Arizona State University
77,Arizona State University
78,Arizona State University
82,Boston University
83,Boston University
84,Boston University
85,Boston University
86,Boston University
87,Boston University
88,Boston University
89,Boston University
90,Boston University
91,Boston University
92,Boston University
93,Boston University
94,Boston University
95,Boston University
96,Boston University
97,Boston University
98,Boston University
100,Boston University
101,Boston University
103,Boston University
104,Boston University
105,Boston University
110,Boston University
111,Boston University
113,Boston University
114,Boston University
115,Boston University
118,Boston University
120,Carnegie Mellon University
122,Carnegie Mellon University
123,Carnegie Mellon University
124,Carnegie Mellon University
125,Carnegie Mellon University
126,Carnegie Mellon University
127,Carnegie Mellon University
128,Carnegie Mellon University
129,Carnegie Mellon University
130,Carnegie Mellon University
131,Carnegie Mellon University
132,Carnegie Mellon University
133,Carnegie Mellon University
134,Carnegie Mellon University
135,Carnegie Mellon University
136,Carnegie Mellon University
137,Carnegie Mellon University
139,Carnegie Mellon University
140,Carnegie Mellon University
141,Carnegie Mellon University
142,Carnegie Mellon University
143,Carnegie Mellon University
144,Carnegie Mellon University
145,Carnegie Mellon University
146,Carnegie Mellon University
147,Carnegie Mellon University
148,Carnegie Mellon University
149,Carnegie Mellon University
150,Carnegie Mellon University
151,Carnegie Mellon University
152,Carnegie Mellon University
153,Carnegie Mellon University
154,Carnegie Mellon University
155,Carnegie Mellon University
157,Carnegie Mellon University
158,Carnegie Mellon University
159,Carnegie Mellon University
161,Carnegie Mellon University
162,Carnegie Mellon University
163,Carnegie Mellon University
164,Carnegie Mellon University
165,Carnegie Mellon University
166,Carnegie Mellon University
167,Carnegie Mellon University
169,Carnegie Mellon University
170,Carnegie Mellon University
171,Carnegie Mellon University
172,Carnegie Mellon University
173,Carnegie Mellon University
174,Carnegie Mellon University
175,Carnegie Mellon University
176,Carnegie Mellon University
177,Carnegie Mellon University
178,Carnegie Mellon University
179,Carnegie Mellon University
182,Carnegie Mellon University
184,Carnegie Mellon University
185,Carnegie Mellon University
187,Carnegie Mellon University
188,Carnegie Mellon University
189,Carnegie Mellon University
190,Carnegie Mellon University
191,Carnegie Mellon University
195,Carnegie Mellon University
196,Carnegie Mellon University
197,Carnegie Mellon University
198,Carnegie Mellon University
199,Carnegie Mellon University
201,Carnegie Mellon University
202,Carnegie Mellon University
203,Carnegie Mellon University
204,Carnegie Mellon University
205,Carnegie Mellon University
206,Carnegie Mellon University
207,Carnegie Mellon University
208,Carnegie Mellon University
209,Carnegie Mellon University
210,Carnegie Mellon University
211,Carnegie Mellon University
212,Carnegie Mellon University
213,Carnegie Mellon University
214,Carnegie Mellon University
215,Carnegie Mellon University
216,Carnegie Mellon University
217,Carnegie Mellon University
218,Carnegie Mellon University
219,Carnegie Mellon University
220,Carnegie Mellon University
221,Carnegie Mellon University
222,Carnegie Mellon University
223,Carnegie Mellon University
224,Carnegie Mellon University
225,Carnegie Mellon University
226,Carnegie Mellon University
227,Carnegie Mellon University
228,Carnegie Mellon University
229,Carnegie Mellon University
230,Carnegie Mellon University
231,Carnegie Mellon University
232,Carnegie Mellon University
234,Carnegie Mellon University
235,Carnegie Mellon University
236,Carnegie Mellon University
237,Carnegie Mellon University
238,Carnegie Mellon University
239,Carnegie Mellon University
240,Carnegie Mellon University
241,Carnegie Mellon University
242,Carnegie Mellon University
243,Carnegie Mellon University
245,Carnegie Mellon University
246,Carnegie Mellon University
247,Carnegie Mellon University
248,Carnegie Mellon University
249,Carnegie Mellon University
250,Carnegie Mellon University
251,Carnegie Mellon University
252,Carnegie Mellon University
254,Carnegie Mellon University
255,Carnegie Mellon University
256,Carnegie Mellon University
257,Carnegie Mellon University
258,Carnegie Mellon University
259,Carnegie Mellon University
260,Carnegie Mellon University
261,Carnegie Mellon University
262,Carnegie Mellon University
263,Carnegie Mellon University
265,Carnegie Mellon University
266,Carnegie Mellon University
267,Carnegie Mellon University
268,Carnegie Mellon University
269,Carnegie Mellon University
271,Carnegie Mellon University
274,Carnegie Mellon University
276,Carnegie Mellon University
277,Carnegie Mellon University
278,Carnegie Mellon University
279,Carnegie Mellon University
282,University of Delaware
283,University of Delaware
284,University of Delaware
285,University of Delaware
286,University of Delaware
287,University of Delaware
288,University of Delaware
289,University of Delaware
290,University of Delaware
291,University of Delaware
292,University of Delaware
293,University of Delaware
294,University of Delaware
295,University of Delaware
296,University of Delaware
297,University of Delaware
298,University of Delaware
300,University of Delaware
301,University of Delaware
302,University of Delaware
303,University of Delaware
305,University of Delaware
307,University of Delaware
310,University of Delaware
311,University of Delaware
312,University of Delaware
313,University of Delaware
314,University of Delaware
315,University of Delaware
318,University of Delaware
319,University of Delaware
321,University of Delaware
322,University of Delaware
325,Drexel University
326,Drexel University
327,Drexel University
328,Drexel University
332,Drexel University
333,Drexel University
334,Drexel University
335,Drexel University
336,Drexel University
337,Drexel University
338,Drexel University
339,Drexel University
341,Drexel University
342,Drexel University
343,Drexel University
344,Drexel University
345,Drexel University
346,Drexel University
348,Drexel University
349,Drexel University
350,Drexel University
351,Drexel University
352,Drexel University
353,Drexel University
354,Drexel University
355,Drexel University
356,Drexel University
357,Drexel University
358,Drexel University
359,Drexel University
360,Drexel University
361,Drexel University
362,Drexel University
363,Drexel University
365,Drexel University
366,Drexel University
368,Drexel University
370,Drexel University
371,Drexel University
372,Drexel University
374,Drexel University
376,University of Arizona
378,University of Arizona
379,University of Arizona
380,University of Arizona
381,University of Arizona
383,University of Arizona
384,University of Arizona
385,University of Arizona
386,University of Arizona
387,University of Arizona
388,University of Arizona
389,University of Arizona
390,University of Arizona
391,University of Arizona
392,University of Arizona
393,University of Arizona
394,University of Arizona
395,University of Arizona
396,University of Arizona
397,University of Arizona
398,University of Arizona
399,University of Arizona
400,University of Arizona
401,University of Arizona
402,University of Arizona
404,University of Arizona
405,University of Arizona
406,University of Arizona
407,University of Arizona
408,University of Arizona
409,University of Arizona
410,University of Arizona
411,University of Arizona
412,University of Arizona
413,University of Arizona
414,University of Arizona
415,University of Arizona
416,University of Arizona
417,University of Arizona
418,University of Arizona
419,University of Arizona
420,University of Arizona
421,University of Arizona
422,University of Arizona
423,University of Arizona
424,University of Arizona
425,University of Arizona
426,University of Arizona
428,University of Arizona
429,University of Arizona
430,University of Arizona
431,University of Arizona
432,University of Arizona
433,University of Arizona
434,University of Arizona
435,University of Arizona
438,University of Arizona
439,University of Arizona
441,University of Arizona
445,University of Arizona
448,University of Arizona
449,University of Arizona
451,University of Arizona
452,University of Arizona
457,Illinois Institute of Technology
458,Illinois Institute of Technology
459,Illinois Institute of Technology
460,Illinois Institute of Technology
461,Illinois Institute of Technolog
462,Illinois Institute of Technology
464,Illinois Institute of Technology
465,Illinois Institute of Technology
466,Illinois Institute of Technology
467,Illinois Institute of Technology
468,Illinois Institute of Technology
469,Illinois Institute of Technology
470,Illinois Institute of Technology
471,Illinois Institute of Technology
472,Illinois Institute of Technology
473,Illinois Institute of Technology
474,Illinois Institute of Technology
475,Illinois Institute of Technology
476,Illinois Institute of Technology
477,Illinois Institute of Technology
478,Illinois Institute of Technology
479,Illinois Institute of Technology
480,Illinois Institute of Technology
481,Illinois Institute of Technology
482,Illinois Institute of Technology
483,Illinois Institute of Technology
484,Illinois Institute of Technology
485,Illinois Institute of Technology
486,Illinois Institute of Technology
487,Illinois Institute of Technology
488,Illinois Institute of Technology
489,Illinois Institute of Technology
490,Illinois Institute of Technology
491,Illinois Institute of Technology
492,Illinois Institute of Technology
493,Illinois Institute of Technology
494,Illinois Institute of Technology
495,Illinois Institute of Technology
496,Illinois Institute of Technology
497,Illinois Institute of Technology
498,Illinois Institute of Technology
499,Illinois Institute of Technology
500,Illinois Institute of Technology
501,Illinois Institute of Technology
502,Illinois Institute of Technology
503,Illinois Institute of Technology
504,Illinois Institute of Technology
505,Illinois Institute of Technology
506,Illinois Institute of Technology
507,Illinois Institute of Technology
508,Illinois Institute of Technology
509,Illinois Institute of Technology
510,Illinois Institute of Technology
511,Illinois Institute of Technology
512,Illinois Institute of Technology
513,Illinois Institute of Technology
514,Illinois Institute of Technology
515,Illinois Institute of Technology
516,Illinois Institute of Technology
517,Illinois Institute of Technology
518,Illinois Institute of Technology
519,Illinois Institute of Technology
520,Illinois Institute of Technology
521,Illinois Institute of Technology
525,Illinois Institute of Technology
527,Illinois Institute of Technology
528,Illinois Institute of Technology
529,Illinois Institute of Technology
531,Illinois Institute of Technology
532,Illinois Institute of Technology
534,Illinois Institute of Technology
538,Iowa State University
539,Iowa State University
540,Iowa State University
541,Iowa State University
542,Iowa State University
543,Iowa State University
544,Iowa State University
545,Iowa State University
546,Iowa State University
547,Iowa State University
548,Iowa State University
549,Iowa State University
550,Iowa State University
551,Iowa State University
552,Iowa State University
553,Iowa State University
554,Iowa State University
555,Iowa State University
556,Iowa State University
557,Iowa State University
558,Iowa State University
559,Iowa State University
560,Iowa State University
561,Iowa State University
562,Iowa State University
563,Iowa State University
564,Iowa State University
565,Iowa State University
566,Iowa State University
567,Iowa State University
568,Iowa State University
569,Iowa State University
570,Iowa State University
571,Iowa State University
572,Iowa State University
573,Iowa State University
574,Iowa State University
575,Iowa State University
576,Iowa State University
577,Iowa State University
578,Iowa State University
579,Iowa State University
580,Iowa State University
581,Iowa State University
582,Iowa State University
583,Iowa State University
584,Iowa State University
585,Iowa State University
586,Iowa State University
587,Iowa State University
588,Iowa State University
589,Iowa State University
590,Iowa State University
591,Iowa State University
592,Iowa State University
593,Iowa State University
594,Iowa State University
595,Iowa State University
596,Iowa State University
597,Iowa State University
600,Iowa State University
602,Iowa State University
604,Iowa State University
606,Iowa State University
609,Iowa State University
613,Iowa State University
614,Iowa State University
615,Iowa State University
617,Iowa State University
619,Indiana University Bloomington
620,Indiana University Bloomington
621,Indiana University Bloomington
622,Indiana University Bloomington
623,Indiana University Bloomington
624,Indiana University Bloomington
625,Indiana University Bloomington
626,Indiana University Bloomington
627,Indiana University Bloomington
628,Indiana University Bloomington
629,Indiana University Bloomington
630,Indiana University Bloomington
631,Indiana University Bloomington
632,Indiana University Bloomington
633,Indiana University Bloomington
634,Indiana University Bloomington
635,Indiana University Bloomington
637,Indiana University Bloomington
638,Indiana University Bloomington
639,Indiana University Bloomington
640,Indiana University Bloomington
641,Indiana University Bloomington
642,Indiana University Bloomington
644,Indiana University Bloomington
645,Indiana University Bloomington
646,Indiana University Bloomington
647,Indiana University Bloomington
648,Indiana University Bloomington
649,Indiana University Bloomington
651,Indiana University Bloomington
652,Indiana University Bloomington
653,Indiana University Bloomington
654,Indiana University Bloomington
655,Indiana University Bloomington
657,Indiana University Bloomington
658,Indiana University Bloomington
659,Indiana University Bloomington
660,Indiana University Bloomington
661,Indiana University Bloomington
662,Indiana University Bloomington
663,Indiana University Bloomington
664,Indiana University Bloomington
665,Indiana University Bloomington
666,Indiana University Bloomington
667,Indiana University Bloomington
668,Indiana University Bloomington
669,Indiana University Bloomington
670,Indiana University Bloomington
671,Indiana University Bloomington
672,Indiana University Bloomington
673,Indiana University Bloomington
674,Indiana University Bloomington
675,Indiana University Bloomington
676,Indiana University Bloomington
677,Indiana University Bloomington
678,Indiana University Bloomington
679,Indiana University Bloomington
682,Indiana University Bloomington
685,Indiana University Bloomington
688,Indiana University Bloomington
690,Indiana University Bloomington
691,Indiana University Bloomington
694,Indiana University Bloomington
696,Indiana University Bloomington
698,Indiana University Bloomington
701,"University of Minnesota, Twin Cities"
702,"University of Minnesota, Twin Cities"
703,"University of Minnesota, Twin Cities"
704,"University of Minnesota, Twin Cities"
705,"University of Minnesota, Twin Cities"
706,"University of Minnesota, Twin Cities"
707,"University of Minnesota, Twin Cities"
708,"University of Minnesota, Twin Cities"
709,"University of Minnesota, Twin Cities"
710,"University of Minnesota, Twin Cities"
711,"University of Minnesota, Twin Cities"
712,"University of Minnesota, Twin Cities"
713,"University of Minnesota, Twin Cities"
714,"University of Minnesota, Twin Cities"
716,"University of Minnesota, Twin Cities"
718,"University of Minnesota, Twin Cities"
722,"University of Minnesota, Twin Cities"
723,"University of Minnesota, Twin Cities"
725,"University of Minnesota, Twin Cities"
726,"University of Minnesota, Twin Cities"
728,"University of Minnesota, Twin Cities"
729,"University of Minnesota, Twin Cities"
732,"University of Minnesota, Twin Cities"
735,Northeastern University
736,Northeastern University
737,Northeastern University
739,Northeastern University
740,Northeastern University
741,Northeastern University
742,Northeastern University
743,Northeastern University
744,Northeastern University
745,Northeastern University
746,Northeastern University
747,Northeastern University
748,Northeastern University
749,Northeastern University
750,Northeastern University
751,Northeastern University
752,Northeastern University
754,Northeastern University
755,Northeastern University
756,Northeastern University
757,Northeastern University
758,Northeastern University
759,Northeastern University
762,Northeastern University
763,Northeastern University
764,Northeastern University
765,Northeastern University
766,Northeastern University
767,Northeastern University
768,Northeastern University
770,Northeastern University
772,Northeastern University
773,Northeastern University
774,Northeastern University
775,Northeastern University
776,Northeastern University
777,Northeastern University
778,Northeastern University
779,Northeastern University
780,Northeastern University
781,Northeastern University
782,Northeastern University
783,Northeastern University
784,Northeastern University
785,Northeastern University
786,Northeastern University
787,Northeastern University
788,Northeastern University
789,Northeastern University
790,Northeastern University
791,Northeastern University
792,Northeastern University
794,Northeastern University
797,Northeastern University
798,Northeastern University
799,Northeastern University
800,Northeastern University
801,Northeastern University
803,Northeastern University
804,Northeastern University
805,Northeastern University
806,Northeastern University
807,Northeastern University
809,Northeastern University
810,Northeastern University
812,Northeastern University
814,Northwestern University
815,Northwestern University
816,Northwestern University
817,Northwestern University
818,Northwestern University
819,Northwestern University
820,Northwestern University
821,Northwestern University
822,Northwestern University
824,Northwestern University
825,Northwestern University
826,Northwestern University
827,Northwestern University
828,Northwestern University
835,Northwestern University
837,Northwestern University
838,Northwestern University
840,Northwestern University
844,Northwestern University
848,Northwestern University
850,New York University
851,New York University
853,New York University
854,New York University
855,New York University
856,New York University
857,New York University
858,New York University
859,New York University
860,New York University
861,New York University
863,New York University
864,New York University
865,New York University
866,New York University
867,New York University
868,New York University
869,New York University
871,New York University
872,New York University
873,New York University
874,New York University
875,New York University
876,New York University
877,New York University
878,New York University
879,New York University
880,New York University
881,New York University
882,New York University
883,New York University
884,New York University
885,New York University
886,New York University
887,New York University
888,New York University
889,New York University
890,New York University
891,New York University
892,New York University
893,New York University
894,New York University
896,New York University
897,New York University
898,New York University
899,New York University
900,New York University
901,New York University
902,New York University
903,New York University
904,New York University
905,New York University
906,New York University
907,New York University
908,New York University
909,New York University
910,New York University
912,New York University
913,New York University
915,New York University
916,New York University
917,New York University
918,New York University
921,New York University
924,New York University
925,New York University
927,New York University
928,New York University
930,Pennsylvania State University
931,Pennsylvania State University
932,Pennsylvania State University
933,Pennsylvania State University
934,Pennsylvania State University
935,Pennsylvania State University
936,Pennsylvania State University
937,Pennsylvania State University
938,Pennsylvania State University
939,Pennsylvania State University
940,Pennsylvania State University
941,Pennsylvania State University
942,Pennsylvania State University
943,Pennsylvania State University
945,Pennsylvania State University
947,Pennsylvania State University
951,Pennsylvania State University
953,Pennsylvania State University
954,Pennsylvania State University
955,Pennsylvania State University
957,Pennsylvania State University
959,Pennsylvania State University
960,Pennsylvania State University
965,Rochester Institute of Technology
966,Rochester Institute of Technology
967,Rochester Institute of Technology
968,Rochester Institute of Technology
969,Rochester Institute of Technology
970,Rochester Institute of Technology
971,Rochester Institute of Technology
972,Rochester Institute of Technology
973,Rochester Institute of Technology
974,Rochester Institute of Technology
975,Rochester Institute of Technology
976,Rochester Institute of Technology
977,Rochester Institute of Technology
978,Rochester Institute of Technology
979,Rochester Institute of Technology
980,Rochester Institute of Technology
981,Rochester Institute of Technology
982,Rochester Institute of Technology
983,Rochester Institute of Technology
984,Rochester Institute of Technology
985,Rochester Institute of Technology
986,Rochester Institute of Technology
987,Rochester Institute of Technology
988,Rochester Institute of Technology
989,Rochester Institute of Technology
990,Rochester Institute of Technology
991,Rochester Institute of Technology
992,Rochester Institute of Technology
993,Rochester Institute of Technology
994,Rochester Institute of Technology
995,Rochester Institute of Technology
996,Rochester Institute of Technology
997,Rochester Institute of Technology
998,Rochester Institute of Technology
999,Rochester Institute of Technology
1000,Rochester Institute of Technology
1001,Rochester Institute of Technology
1002,Rochester Institute of Technology
1003,Rochester Institute of Technology
1004,Rochester Institute of Technology
1005,Rochester Institute of Technology
1006,Rochester Institute of Technology
1007,Rochester Institute of Technology
1008,Rochester Institute of Technology
1009,Rochester Institute of Technology
1010,Rochester Institute of Technology
1011,Rochester Institute of Technology
1012,Rochester Institute of Technology
1013,Rochester Institute of Technology
1014,Rochester Institute of Technology
1015,Rochester Institute of Technology
1016,Rochester Institute of Technology
1017,Rochester Institute of Technology
1018,Rochester Institute of Technology
1019,Rochester Institute of Technology
1022,Rochester Institute of Technology
1026,Rochester Institute of Technology
1027,Rochester Institute of Technology
1028,Rochester Institute of Technology
1029,Rochester Institute of Technology
1030,Rochester Institute of Technology
1031,Rochester Institute of Technology
1032,Rochester Institute of Technology
1036,Rochester Institute of Technology
1038,Rochester Institute of Technology
1039,Rochester Institute of Technology
1041,Rensselaer Polytechnic Institute
1042,Rensselaer Polytechnic Institute
1043,Rensselaer Polytechnic Institute
1044,Rensselaer Polytechnic Institute
1045,Rensselaer Polytechnic Institute
1046,Rensselaer Polytechnic Institute
1047,Rensselaer Polytechnic Institute
1048,Rensselaer Polytechnic Institute
1049,Rensselaer Polytechnic Institute
1050,Rensselaer Polytechnic Institute
1051,Rensselaer Polytechnic Institute
1052,Rensselaer Polytechnic Institute
1053,Rensselaer Polytechnic Institute
1054,Rensselaer Polytechnic Institute
1055,Rensselaer Polytechnic Institute
1056,Rensselaer Polytechnic Institute
1057,Rensselaer Polytechnic Institute
1058,Rensselaer Polytechnic Institute
1059,Rensselaer Polytechnic Institute
1060,Rensselaer Polytechnic Institute
1061,Rensselaer Polytechnic Institute
1062,Rensselaer Polytechnic Institute
1063,Rensselaer Polytechnic Institute
1064,Rensselaer Polytechnic Institute
1065,Rensselaer Polytechnic Institute
1067,Rensselaer Polytechnic Institute
1069,Rensselaer Polytechnic Institute
1072,Rensselaer Polytechnic Institute
1075,Rensselaer Polytechnic Institute
1079,Rensselaer Polytechnic Institute
1080,Rensselaer Polytechnic Institute
1081,Rensselaer Polytechnic Institute
1082,Rensselaer Polytechnic Institute
1083,Rensselaer Polytechnic Institute
1087,Rutgers University-New Brunswick
1088,Rutgers University-New Brunswick
1089,Rutgers University-New Brunswick
1090,Rutgers University-New Brunswick
1091,Rutgers University-New Brunswick
1092,Rutgers University-New Brunswick
1093,Rutgers University-New Brunswick
1094,Rutgers University-New Brunswick
1097,Rutgers University-New Brunswick
1098,Rutgers University-New Brunswick
1101,Rutgers University-New Brunswick
1103,Rutgers University-New Brunswick
1105,Rutgers University-New Brunswick
1106,Rutgers University-New Brunswick
1107,Rutgers University-New Brunswick
1108,Rutgers University-New Brunswick
1112,Rutgers University-New Brunswick
1113,Rutgers University-New Brunswick
1116,"Rutgers University, Newark"
1117,"Rutgers University, Newark"
1118,"Rutgers University, Newark"
1120,"Rutgers University, Newark"
1121,"Rutgers University, Newark"
1122,"Rutgers University, Newark"
1123,"Rutgers University, Newark"
1124,"Rutgers University, Newark"
1125,"Rutgers University, Newark"
1126,"Rutgers University, Newark"
1127,"Rutgers University, Newark"
1128,"Rutgers University, Newark"
1129,"Rutgers University, Newark"
1130,"Rutgers University, Newark"
1131,"Rutgers University, Newark"
1132,"Rutgers University, Newark"
1133,"Rutgers University, Newark"
1134,"Rutgers University, Newark"
1135,"Rutgers University, Newark"
1136,"Rutgers University, Newark"
1137,"Rutgers University, Newark"
1138,"Rutgers University, Newark"
1139,"Rutgers University, Newark"
1140,"Rutgers University, Newark"
1141,"Rutgers University, Newark"
1142,"Rutgers University, Newark"
1143,"Rutgers University, Newark"
1144,"Rutgers University, Newark"
1145,"Rutgers University, Newark"
1146,"Rutgers University, Newark"
1147,"Rutgers University, Newark"
1148,"Rutgers University, Newark"
1149,"Rutgers University, Newark"
1150,"Rutgers University, Newark"
1151,"Rutgers University, Newark"
1152,"Rutgers University, Newark"
1154,"Rutgers University, Newark"
1155,"Rutgers University, Newark"
1156,"Rutgers University, Newark"
1157,"Rutgers University, Newark"
1158,"Rutgers University, Newark"
1161,"Rutgers University, Newark"
1162,"Rutgers University, Newark"
1166,"Rutgers University, Newark"
1168,"Rutgers University, Newark"
1169,"Rutgers University, Newark"
1170,"Rutgers University, Newark"
1172,"Rutgers University, Newark"
1173,"Rutgers University, Newark"
1175,"Rutgers University, Newark"
1176,"Rutgers University, Newark"
1177,"Rutgers University, Newark"
1178,"Rutgers University, Newark"
1180,Santa Clara University
1181,Santa Clara University
1182,Santa Clara University
1183,Santa Clara University
1184,Santa Clara University
1185,Santa Clara University
1186,Santa Clara University
1187,Santa Clara University
1188,Santa Clara University
1189,Santa Clara University
1190,Santa Clara University
1191,Santa Clara University
1192,Santa Clara University
1193,Santa Clara University
1194,Santa Clara University
1195,Santa Clara University
1196,Santa Clara University
1197,Santa Clara University
1198,Santa Clara University
1199,Santa Clara University
1200,Santa Clara University
1201,Santa Clara University
1202,Santa Clara University
1203,Santa Clara University
1204,Santa Clara University
1205,Santa Clara University
1206,Santa Clara University
1207,Santa Clara University
1208,Santa Clara University
1209,Santa Clara University
1210,Santa Clara University
1211,Santa Clara University
1212,Santa Clara University
1213,Santa Clara University
1214,Santa Clara University
1215,Santa Clara University
1216,Santa Clara University
1217,Santa Clara University
1218,Santa Clara University
1219,Santa Clara University
1220,Santa Clara University
1221,Santa Clara University
1222,Santa Clara University
1223,Santa Clara University
1224,Santa Clara University
1225,Santa Clara University
1227,Santa Clara University
1228,Santa Clara University
1229,Santa Clara University
1230,Santa Clara University
1233,Santa Clara University
1235,Santa Clara University
1236,Santa Clara University
1237,Santa Clara University
1239,Santa Clara University
1241,Santa Clara University
1242,Santa Clara University
1243,Santa Clara University
1245,Santa Clara University
1246,Santa Clara University
1248,Santa Clara University
1249,Santa Clara University
1250,Santa Clara University
1252,Stevens Institute of Technology
1253,Stevens Institute of Technology
1254,Stevens Institute of Technology
1255,Stevens Institute of Technology
1256,Stevens Institute of Technology
1257,Stevens Institute of Technology
1258,Stevens Institute of Technology
1259,Stevens Institute of Technology
1260,Stevens Institute of Technology
1261,Stevens Institute of Technology
1262,Stevens Institute of Technology
1266,Stevens Institute of Technology
1267,Stevens Institute of Technology
1268,Stevens Institute of Technology
1269,Stevens Institute of Technology
1270,Stevens Institute of Technology
1271,Stevens Institute of Technology
1272,Stevens Institute of Technology
1273,Stevens Institute of Technology
1274,Stevens Institute of Technology
1275,Stevens Institute of Technology
1276,Stevens Institute of Technology
1277,Stevens Institute of Technology
1278,Stevens Institute of Technology
1279,Stevens Institute of Technology
1280,Stevens Institute of Technology
1281,Stevens Institute of Technology
1282,Stevens Institute of Technology
1283,Stevens Institute of Technology
1284,Stevens Institute of Technology
1285,Stevens Institute of Technology
1286,Stevens Institute of Technology
1287,Stevens Institute of Technology
1288,Stevens Institute of Technology
1289,Stevens Institute of Technology
1290,Stevens Institute of Technology
1291,Stevens Institute of Technology
1292,Stevens Institute of Technology
1293,Stevens Institute of Technology
1294,Stevens Institute of Technology
1296,Stevens Institute of Technology
1297,Stevens Institute of Technology
1298,Stevens Institute of Technology
1299,Stevens Institute of Technology
1300,Stevens Institute of Technology
1301,Stevens Institute of Technology
1302,Stevens Institute of Technology
1303,Stevens Institute of Technology
1304,Stevens Institute of Technology
1305,Stevens Institute of Technology
1306,Stevens Institute of Technology
1307,Stevens Institute of Technology
1308,Stevens Institute of Technology
1309,Stevens Institute of Technology
1310,Stevens Institute of Technology
1311,Stevens Institute of Technology
1313,Stevens Institute of Technology
1314,Stevens Institute of Technology
1316,Stevens Institute of Technology
1321,Stevens Institute of Technology
1322,Stevens Institute of Technology
1323,Stevens Institute of Technology
1324,Stevens Institute of Technology
1325,Stevens Institute of Technology
1326,Stevens Institute of Technology
1327,Stevens Institute of Technology
1328,Stevens Institute of Technology
1330,Stevens Institute of Technology
1331,Stevens Institute of Technology
1333,University at Buffalo SUNY
1334,University at Buffalo SUNY
1335,University at Buffalo SUNY
1336,University at Buffalo SUNY
1337,University at Buffalo SUNY
1338,University at Buffalo SUNY
1339,University at Buffalo SUNY
1340,University at Buffalo SUNY
1341,University at Buffalo SUNY
1343,University at Buffalo SUNY
1344,University at Buffalo SUNY
1345,University at Buffalo SUNY
1346,University at Buffalo SUNY
1347,University at Buffalo SUNY
1349,University at Buffalo SUNY
1350,University at Buffalo SUNY
1351,University at Buffalo SUNY
1352,University at Buffalo SUNY
1353,University at Buffalo SUNY
1354,University at Buffalo SUNY
1355,University at Buffalo SUNY
1356,University at Buffalo SUNY
1357,University at Buffalo SUNY
1358,University at Buffalo SUNY
1359,University at Buffalo SUNY
1360,University at Buffalo SUNY
1361,University at Buffalo SUNY
1362,University at Buffalo SUNY
1363,University at Buffalo SUNY
1364,University at Buffalo SUNY
1365,University at Buffalo SUNY
1366,University at Buffalo SUNY
1367,University at Buffalo SUNY
1368,University at Buffalo SUNY
1369,University at Buffalo SUNY
1370,University at Buffalo SUNY
1371,University at Buffalo SUNY
1372,University at Buffalo SUNY
1373,University at Buffalo SUNY
1374,University at Buffalo SUNY
1375,University at Buffalo SUNY
1376,University at Buffalo SUNY
1377,University at Buffalo SUNY
1378,University at Buffalo SUNY
1379,University at Buffalo SUNY
1380,University at Buffalo SUNY
1381,University at Buffalo SUNY
1383,University at Buffalo SUNY
1384,University at Buffalo SUNY
1385,University at Buffalo SUNY
1386,University at Buffalo SUNY
1387,University at Buffalo SUNY
1388,University at Buffalo SUNY
1389,University at Buffalo SUNY
1390,University at Buffalo SUNY
1391,University at Buffalo SUNY
1392,University at Buffalo SUNY
1397,University at Buffalo SUNY
1398,University at Buffalo SUNY
1399,University at Buffalo SUNY
1400,University at Buffalo SUNY
1402,University at Buffalo SUNY
1404,University at Buffalo SUNY
1407,University at Buffalo SUNY
1410,University at Buffalo SUNY
1411,University at Buffalo SUNY
1412,University at Buffalo SUNY
1586,Syracuse University
1587,Syracuse University
1588,Syracuse University
1589,Syracuse University
1590,Syracuse University
1591,Syracuse University
1592,Syracuse University
1593,Syracuse University
1594,Syracuse University
1595,Syracuse University
1596,Syracuse University
1597,Syracuse University
1598,Syracuse University
1599,Syracuse University
1600,Syracuse University
1601,Syracuse University
1602,Syracuse University
1603,Syracuse University
1604,Syracuse University
1605,Syracuse University
1607,Syracuse University
1608,Syracuse University
1609,Syracuse University
1611,Syracuse University
1612,Syracuse University
1613,Syracuse University
1614,Syracuse University
1615,Syracuse University
1616,Syracuse University
1617,Syracuse University
1618,Syracuse University
1619,Syracuse University
1620,Syracuse University
1621,Syracuse University
1622,Syracuse University
1623,Syracuse University
1624,Syracuse University
1625,Syracuse University
1626,Syracuse University
1627,Syracuse University
1628,Syracuse University
1629,Syracuse University
1630,Syracuse University
1631,Syracuse University
1632,Syracuse University
1633,Syracuse University
1634,Syracuse University
1635,Syracuse University
1636,Syracuse University
1637,Syracuse University
1638,Syracuse University
1639,Syracuse University
1640,Syracuse University
1641,Syracuse University
1642,Syracuse University
1643,Syracuse University
1644,Syracuse University
1645,Syracuse University
1648,Syracuse University
1649,Syracuse University
1650,Syracuse University
1651,Syracuse University
1652,Syracuse University
1653,Syracuse University
1654,Syracuse University
1656,Syracuse University
1657,Syracuse University
1658,Syracuse University
1659,Syracuse University
1660,Syracuse University
1662,Syracuse University
1663,Syracuse University
1664,Syracuse University
1848,"Texas A&M; University, College Station"
1849,"Texas A&M; University, College Station"
1850,"Texas A&M; University, College Station"
1851,"Texas A&M; University, College Station"
1852,"Texas A&M; University, College Station"
1853,"Texas A&M; University, College Station"
1854,"Texas A&M; University, College Station"
1855,"Texas A&M; University, College Station"
1856,"Texas A&M; University, College Station"
1857,"Texas A&M; University, College Station"
1858,"Texas A&M; University, College Station"
1859,"Texas A&M; University, College Station"
1860,"Texas A&M; University, College Station"
1861,"Texas A&M; University, College Station"
1862,"Texas A&M; University, College Station"
1863,"Texas A&M; University, College Station"
1864,"Texas A&M; University, College Station"
1865,"Texas A&M; University, College Station"
1866,"Texas A&M; University, College Station"
1867,"Texas A&M; University, College Station"
1868,"Texas A&M; University, College Station"
1869,"Texas A&M; University, College Station"
1872,"Texas A&M; University, College Station"
1873,"Texas A&M; University, College Station"
1874,"Texas A&M; University, College Station"
1875,"Texas A&M; University, College Station"
1876,"Texas A&M; University, College Station"
1877,"Texas A&M; University, College Station"
1878,"Texas A&M; University, College Station"
1880,"Texas A&M; University, College Station"
1881,"Texas A&M; University, College Station"
1882,"Texas A&M; University, College Station"
1883,"Texas A&M; University, College Station"
1884,"Texas A&M; University, College Station"
1885,"Texas A&M; University, College Station"
1886,"Texas A&M; University, College Station"
1887,"Texas A&M; University, College Station"
1888,"Texas A&M; University, College Station"
1889,"Texas A&M; University, College Station"
1890,"Texas A&M; University, College Station"
1891,"Texas A&M; University, College Station"
1892,"Texas A&M; University, College Station"
1893,"Texas A&M; University, College Station"
1894,"Texas A&M; University, College Station"
1895,"Texas A&M; University, College Station"
1896,"Texas A&M; University, College Station"
1897,"Texas A&M; University, College Station"
1898,"Texas A&M; University, College Station"
1899,"Texas A&M; University, College Station"
1900,"Texas A&M; University, College Station"
1901,"Texas A&M; University, College Station"
1902,"Texas A&M; University, College Station"
1903,"Texas A&M; University, College Station"
1904,"Texas A&M; University, College Station"
1905,"Texas A&M; University, College Station"
1906,"Texas A&M; University, College Station"
1907,"Texas A&M; University, College Station"
1910,"Texas A&M; University, College Station"
1913,"Texas A&M; University, College Station"
1915,"Texas A&M; University, College Station"
1917,"Texas A&M; University, College Station"
1918,"Texas A&M; University, College Station"
1920,"Texas A&M; University, College Statio"
1923,"Texas A&M; University, College Station"
1924,"Texas A&M; University, College Station"
1926,"Texas A&M; University, College Station"
1927,"Texas A&M; University, College Station"
1929,"University of California, Irvine"
1930,"University of California, Irvine"
1931,"University of California, Irvine"
1932,"University of California, Irvine"
1933,"University of California, Irvine"
1934,"University of California, Irvine"
1935,"University of California, Irvine"
1936,"University of California, Irvine"
1937,"University of California, Irvine"
1938,"University of California, Irvine"
1943,"University of California, Irvine"
1944,"University of California, Irvine"
1946,"University of California, Irvine"
1950,"University of California, Irvine"
1951,"University of California, Irvine"
1955,"University of California, Irvine"
1956,"University of California, Irvine"
1960,University of Cincinnati
1961,University of Cincinnati
1962,University of Cincinnati
1963,University of Cincinnati
1964,University of Cincinnati
1965,University of Cincinnati
1966,University of Cincinnati
1967,University of Cincinnati
1968,University of Cincinnati
1969,University of Cincinnati
1970,University of Cincinnati
1971,University of Cincinnati
1972,University of Cincinnati
1973,University of Cincinnati
1974,University of Cincinnati
1975,University of Cincinnati
1976,University of Cincinnati
1977,University of Cincinnati
1978,University of Cincinnati
1979,University of Cincinnati
1980,University of Cincinnati
1982,University of Cincinnati
1983,University of Cincinnati
1984,University of Cincinnati
1985,University of Cincinnati
1986,University of Cincinnati
1988,University of Cincinnati
1989,University of Cincinnati
1990,University of Cincinnati
1991,University of Cincinnati
1992,University of Cincinnati
1993,University of Cincinnati
1994,University of Cincinnati
1995,University of Cincinnati
1996,University of Cincinnati
1997,University of Cincinnati
1998,University of Cincinnati
1999,University of Cincinnati
2000,University of Cincinnati
2001,University of Cincinnati
2002,University of Cincinnati
2003,University of Cincinnati
2004,University of Cincinnati
2005,University of Cincinnati
2006,University of Cincinnati
2007,University of Cincinnati
2008,University of Cincinnati
2009,University of Cincinnati
2011,University of Cincinnati
2012,University of Cincinnati
2013,University of Cincinnati
2014,University of Cincinnati
2015,University of Cincinnati
2016,University of Cincinnati
2017,University of Cincinnati
2018,University of Cincinnati
2019,University of Cincinnati
2023,University of Cincinnati
2024,University of Cincinnati
2026,University of Cincinnati
2027,University of Cincinnati
2030,University of Cincinnati
2032,University of Cincinnati
2033,University of Cincinnati
2034,University of Cincinnati
2041,"University of California, Los Angeles"
2042,"University of California, Los Angeles"
2043,"University of California, Los Angeles"
2044,"University of California, Los Angeles"
2045,"University of California, Los Angeles"
2046,"University of California, Los Angeles"
2048,"University of California, Los Angeles"
2049,"University of California, Los Angeles"
2050,"University of California, Los Angeles"
2051,"University of California, Los Angeles"
2052,"University of California, Los Angeles"
2053,"University of California, Los Angeles"
2054,"University of California, Los Angeles"
2055,"University of California, Los Angeles"
2056,"University of California, Los Angeles"
2057,"University of California, Los Angeles"
2058,"University of California, Los Angeles"
2059,"University of California, Los Angeles"
2061,"University of California, Los Angeles"
2062,"University of California, Los Angeles"
2063,"University of California, Los Angeles"
2066,"University of California, Los Angeles"
2067,"University of California, Los Angeles"
2068,"University of California, Los Angeles"
2069,"University of California, Los Angeles"
2073,"University of California, Los Angeles"
2077,University of Florida
2078,University of Florida
2079,University of Florida
2080,University of Florida
2081,University of Florida
2082,University of Florida
2083,University of Florida
2084,University of Florida
2085,University of Florida
2086,University of Florida
2087,University of Florida
2088,University of Florida
2089,University of Florida
2090,University of Florida
2091,University of Florida
2092,University of Florida
2093,University of Florida
2094,University of Florida
2095,University of Florida
2096,University of Florida
2097,University of Florida
2098,University of Florida
2099,University of Florida
2100,University of Florida
2101,University of Florida
2102,University of Florida
2103,University of Florida
2104,University of Florida
2105,University of Florida
2106,University of Florida
2107,University of Florida
2108,University of Florida
2109,University of Florida
2110,University of Florida
2111,University of Florida
2112,University of Florida
2113,University of Florida
2114,University of Florida
2115,University of Florida
2116,University of Florida
2117,University of Florida
2118,University of Florida
2119,University of Florida
2120,University of Florida
2121,University of Florida
2122,University of Florida
2123,University of Florida
2124,University of Florida
2125,University of Florida
2126,University of Florida
2127,University of Florida
2128,University of Florida
2129,University of Florida
2130,University of Florida
2131,University of Florida
2136,University of Florida
2137,University of Florida
2139,University of Florida
2140,University of Florida
2142,University of Florida
2146,University of Florida
2147,University of Florida
2149,University of Florida
2150,University of Florida
2153,University of Illinois at Chicago
2154,University of Illinois at Chicago
2155,University of Illinois at Chicago
2156,University of Illinois at Chicago
2157,University of Illinois at Chicago
2158,University of Illinois at Chicago
2159,University of Illinois at Chicago
2160,University of Illinois at Chicago
2162,University of Illinois at Chicago
2163,University of Illinois at Chicago
2164,University of Illinois at Chicago
2165,University of Illinois at Chicago
2166,University of Illinois at Chicago
2167,University of Illinois at Chicago
2168,University of Illinois at Chicago
2169,University of Illinois at Chicago
2170,University of Illinois at Chicago
2171,University of Illinois at Chicago
2172,University of Illinois at Chicago
2173,University of Illinois at Chicago
2174,University of Illinois at Chicago
2175,University of Illinois at Chicago
2176,University of Illinois at Chicago
2177,University of Illinois at Chicago
2178,University of Illinois at Chicago
2179,University of Illinois at Chicago
2180,University of Illinois at Chicago
2181,University of Illinois at Chicago
2182,University of Illinois at Chicago
2183,University of Illinois at Chicago
2184,University of Illinois at Chicago
2185,University of Illinois at Chicago
2186,University of Illinois at Chicago
2187,University of Illinois at Chicago
2188,University of Illinois at Chicago
2189,University of Illinois at Chicago
2190,University of Illinois at Chicago
2191,University of Illinois at Chicago
2192,University of Illinois at Chicago
2193,University of Illinois at Chicago
2194,University of Illinois at Chicago
2195,University of Illinois at Chicago
2196,University of Illinois at Chicago
2197,University of Illinois at Chicago
2198,University of Illinois at Chicago
2199,University of Illinois at Chicago
2200,University of Illinois at Chicago
2201,University of Illinois at Chicago
2202,University of Illinois at Chicago
2203,University of Illinois at Chicago
2204,University of Illinois at Chicago
2205,University of Illinois at Chicago
2206,University of Illinois at Chicago
2207,University of Illinois at Chicago
2208,University of Illinois at Chicago
2209,University of Illinois at Chicago
2210,University of Illinois at Chicago
2211,University of Illinois at Chicago
2212,University of Illinois at Chicago
2218,University of Illinois at Chicago
2221,University of Illinois at Chicago
2223,University of Illinois at Chicago
2225,University of Illinois at Chicago
2226,University of Illinois at Chicago
2228,University of Illinois at Chicago
2229,University of Illinois at Chicago
2230,University of Illinois at Chicago
2234,University of Iowa
2235,University of Iowa
2236,University of Iowa
2241,University of Iowa
2244,University of Iowa
2247,University of Iowa
2250,University of Iowa
2251,University of Iowa
2252,University of Iowa
2253,University of Iowa
2258,"University of Maryland, College Park"
2259,"University of Maryland, College Park"
2260,"University of Maryland, College Park"
2261,"University of Maryland, College Park"
2262,"University of Maryland, College Park"
2263,"University of Maryland, College Park"
2264,"University of Maryland, College Park"
2265,"University of Maryland, College Park"
2266,"University of Maryland, College Park"
2268,"University of Maryland, College Park"
2269,"University of Maryland, College Park"
2270,"University of Maryland, College Park"
2271,"University of Maryland, College Park"
2272,"University of Maryland, College Park"
2273,"University of Maryland, College Park"
2274,"University of Maryland, College Park"
2275,"University of Maryland, College Park"
2276,"University of Maryland, College Park"
2278,"University of Maryland, College Park"
2279,"University of Maryland, College Park"
2280,"University of Maryland, College Park"
2281,"University of Maryland, College Park"
2282,"University of Maryland, College Park"
2283,"University of Maryland, College Park"
2284,"University of Maryland, College Park"
2285,"University of Maryland, College Park"
2286,"University of Maryland, College Park"
2287,"University of Maryland, College Park"
2288,"University of Maryland, College Park"
2289,"University of Maryland, College Park"
2290,"University of Maryland, College Park"
2291,"University of Maryland, College Park"
2292,"University of Maryland, College Park"
2293,"University of Maryland, College Park"
2294,"University of Maryland, College Park"
2295,"University of Maryland, College Park"
2296,"University of Maryland, College Park"
2297,"University of Maryland, College Park"
2298,"University of Maryland, College Park"
2299,"University of Maryland, College Park"
2300,"University of Maryland, College Park"
2301,"University of Maryland, College Park"
2303,"University of Maryland, College Park"
2304,"University of Maryland, College Park"
2305,"University of Maryland, College Park"
2306,"University of Maryland, College Park"
2307,"University of Maryland, College Park"
2308,"University of Maryland, College Park"
2309,"University of Maryland, College Park"
2310,"University of Maryland, College Park"
2311,"University of Maryland, College Park"
2312,"University of Maryland, College Park"
2313,"University of Maryland, College Park"
2314,"University of Maryland, College Park"
2315,"University of Maryland, College Park"
2316,"University of Maryland, College Park"
2317,"University of Maryland, College Park"
2318,"University of Maryland, College Park"
2319,"University of Maryland, College Park"
2321,"University of Maryland, College Park"
2323,"University of Maryland, College Park"
2324,"University of Maryland, College Park"
2325,"University of Maryland, College Park"
2327,"University of Maryland, College Park"
2328,"University of Maryland, College Park"
2332,"University of Maryland, College Park"
2334,"University of Maryland, College Park"
2336,"University of Maryland, College Park"
2337,"University of Maryland, College Park"
2339,University of North Carolina at Charlotte
2340,University of North Carolina at Charlotte
2341,University of North Carolina at Charlotte
2342,University of North Carolina at Charlotte
2343,University of North Carolina at Charlotte
2344,University of North Carolina at Charlotte
2345,University of North Carolina at Charlotte
2346,University of North Carolina at Charlotte
2347,University of North Carolina at Charlotte
2348,University of North Carolina at Charlotte
2349,University of North Carolina at Charlotte
2350,University of North Carolina at Charlotte
2351,University of North Carolina at Charlotte
2352,University of North Carolina at Charlotte
2353,University of North Carolina at Charlotte
2354,University of North Carolina at Charlotte
2355,University of North Carolina at Charlotte
2356,University of North Carolina at Charlotte
2357,University of North Carolina at Charlotte
2358,University of North Carolina at Charlotte
2359,University of North Carolina at Charlotte
2360,University of North Carolina at Charlotte
2361,University of North Carolina at Charlotte
2362,University of North Carolina at Charlotte
2363,University of North Carolina at Charlotte
2364,University of North Carolina at Charlotte
2365,University of North Carolina at Charlotte
2366,University of North Carolina at Charlotte
2367,University of North Carolina at Charlotte
2368,University of North Carolina at Charlotte
2369,University of North Carolina at Charlotte
2371,University of North Carolina at Charlotte
2372,University of North Carolina at Charlotte
2373,University of North Carolina at Charlotte
2374,University of North Carolina at Charlotte
2375,University of North Carolina at Charlotte
2376,University of North Carolina at Charlotte
2377,University of North Carolina at Charlotte
2378,University of North Carolina at Charlotte
2379,University of North Carolina at Charlotte
2381,University of North Carolina at Charlotte
2382,University of North Carolina at Charlotte
2383,University of North Carolina at Charlotte
2384,University of North Carolina at Charlotte
2385,University of North Carolina at Charlotte
2386,University of North Carolina at Charlotte
2387,University of North Carolina at Charlotte
2388,University of North Carolina at Charlotte
2389,University of North Carolina at Charlotte
2390,University of North Carolina at Charlotte
2391,University of North Carolina at Charlotte
2392,University of North Carolina at Charlotte
2393,University of North Carolina at Charlotte
2394,University of North Carolina at Charlotte
2395,University of North Carolina at Charlotte
2396,University of North Carolina at Charlotte
2397,University of North Carolina at Charlotte
2398,University of North Carolina at Charlotte
2400,University of North Carolina at Charlotte
2403,University of North Carolina at Charlotte
2404,University of North Carolina at Charlotte
2405,University of North Carolina at Charlotte
2407,University of North Carolina at Charlotte
2410,University of North Carolina at Charlotte
2411,University of North Carolina at Charlotte
2412,University of North Carolina at Charlotte
2413,University of North Carolina at Charlotte
2417,University of North Carolina at Charlotte
2418,University of North Carolina at Charlotte
2422,University of Pennsylvania
2423,University of Pennsylvania
2424,University of Pennsylvania
2425,University of Pennsylvania
2426,University of Pennsylvania
2427,University of Pennsylvania
2428,University of Pennsylvania
2430,University of Pennsylvania
2431,University of Pennsylvania
2432,University of Pennsylvania
2433,University of Pennsylvania
2435,University of Pennsylvania
2436,University of Pennsylvania
2438,University of Pennsylvania
2440,University of Pennsylvania
2442,University of Pennsylvania
2443,University of Pennsylvania
2444,University of Pennsylvania
2448,University of Texas at Dallas
2449,University of Texas at Dallas
2450,University of Texas at Dallas
2451,University of Texas at Dallas
2452,University of Texas at Dallas
2453,University of Texas at Dallas
2454,University of Texas at Dallas
2455,University of Texas at Dallas
2456,University of Texas at Dallas
2457,University of Texas at Dallas
2458,University of Texas at Dallas
2459,University of Texas at Dallas
2460,University of Texas at Dallas
2461,University of Texas at Dallas
2462,University of Texas at Dallas
2463,University of Texas at Dallas
2464,University of Texas at Dallas
2467,University of Texas at Dallas
2468,University of Texas at Dallas
2469,University of Texas at Dallas
2470,University of Texas at Dallas
2471,University of Texas at Dallas
2473,University of Texas at Dallas
2474,University of Texas at Dallas
2475,University of Texas at Dallas
2476,University of Texas at Dallas
2477,University of Texas at Dallas
2478,University of Texas at Dallas
2479,University of Texas at Dallas
2480,University of Texas at Dallas
2481,University of Texas at Dallas
2482,University of Texas at Dallas
2484,University of Texas at Dallas
2485,University of Texas at Dallas
2486,University of Texas at Dallas
2487,University of Texas at Dallas
2488,University of Texas at Dallas
2489,University of Texas at Dallas
2490,University of Texas at Dallas
2491,University of Texas at Dallas
2492,University of Texas at Dallas
2493,University of Texas at Dallas
2494,University of Texas at Dallas
2495,University of Texas at Dallas
2496,University of Texas at Dallas
2497,University of Texas at Dallas
2498,University of Texas at Dallas
2499,University of Texas at Dallas
2500,University of Texas at Dallas
2501,University of Texas at Dallas
2502,University of Texas at Dallas
2504,University of Texas at Dallas
2505,University of Texas at Dallas
2506,University of Texas at Dallas
2507,University of Texas at Dallas
2508,University of Texas at Dallas
2509,University of Texas at Dallas
2510,University of Texas at Dallas
2511,University of Texas at Dallas
2513,University of Texas at Dallas
2514,University of Texas at Dallas
2515,University of Texas at Dallas
2516,University of Texas at Dallas
2518,University of Texas at Dallas
2519,University of Texas at Dallas
2520,University of Texas at Dallas
2522,University of Texas at Dallas
2525,University of Texas at Arlington
2526,University of Texas at Arlington
2527,University of Texas at Arlington
2528,University of Texas at Arlington
2529,University of Texas at Arlington
2530,University of Texas at Arlington
2531,University of Texas at Arlington
2532,University of Texas at Arlington
2533,University of Texas at Arlington
2534,University of Texas at Arlington
2535,University of Texas at Arlington
2536,University of Texas at Arlington
2537,University of Texas at Arlington
2538,University of Texas at Arlington
2540,University of Texas at Arlington
2541,University of Texas at Arlington
2542,University of Texas at Arlington
2543,University of Texas at Arlington
2545,University of Texas at Arlington
2546,University of Texas at Arlington
2547,University of Texas at Arlington
2548,University of Texas at Arlington
2549,University of Texas at Arlington
2550,University of Texas at Arlington
2551,University of Texas at Arlington
2552,University of Texas at Arlington
2553,University of Texas at Arlington
2554,University of Texas at Arlington
2555,University of Texas at Arlington
2556,University of Texas at Arlington
2557,University of Texas at Arlington
2558,University of Texas at Arlington
2559,University of Texas at Arlington
2560,University of Texas at Arlington
2561,University of Texas at Arlington
2562,University of Texas at Arlington
2563,University of Texas at Arlington
2564,University of Texas at Arlington
2565,University of Texas at Arlington
2566,University of Texas at Arlington
2568,University of Texas at Arlington
2569,University of Texas at Arlington
2570,University of Texas at Arlington
2571,University of Texas at Arlington
2572,University of Texas at Arlington
2573,University of Texas at Arlington
2574,University of Texas at Arlington
2575,University of Texas at Arlington
2576,University of Texas at Arlington
2577,University of Texas at Arlington
2578,University of Texas at Arlington
2579,University of Texas at Arlington
2580,University of Texas at Arlington
2581,University of Texas at Arlington
2582,University of Texas at Arlington
2583,University of Texas at Arlington
2588,University of Texas at Arlington
2589,University of Texas at Arlington
2591,University of Texas at Arlington
2596,University of Texas at Arlington
2597,University of Texas at Arlington
2598,University of Texas at Arlington
2602,University of Texas at Arlington
2603,University of Texas at Arlington
2605,University of Texas at Austin
2606,University of Texas at Austin
2607,University of Texas at Austin
2608,University of Texas at Austin
2609,University of Texas at Austin
2610,University of Texas at Austin
2611,University of Texas at Austin
2612,University of Texas at Austin
2613,University of Texas at Austin
2614,University of Texas at Austin
2615,University of Texas at Austin
2616,University of Texas at Austin
2617,University of Texas at Austin
2618,University of Texas at Austin
2619,University of Texas at Austin
2620,University of Texas at Austin
2621,University of Texas at Austin
2622,University of Texas at Austin
2623,University of Texas at Austin
2626,University of Texas at Austin
2627,University of Texas at Austin
2628,University of Texas at Austin
2629,University of Texas at Austin
2630,University of Texas at Austin
2631,University of Texas at Austin
2632,University of Texas at Austin
2633,University of Texas at Austin
2634,University of Texas at Austin
2635,University of Texas at Austin
2636,University of Texas at Austin
2637,University of Texas at Austin
2638,University of Texas at Austin
2639,University of Texas at Austin
2640,University of Texas at Austin
2641,University of Texas at Austin
2642,University of Texas at Austin
2643,University of Texas at Austin
2644,University of Texas at Austin
2645,University of Texas at Austin
2646,University of Texas at Austin
2647,University of Texas at Austin
2648,University of Texas at Austin
2649,University of Texas at Austin
2650,University of Texas at Austin
2651,University of Texas at Austin
2652,University of Texas at Austin
2653,University of Texas at Austin
2654,University of Texas at Austin
2659,University of Texas at Austin
2661,University of Texas at Austin
2662,University of Texas at Austin
2664,University of Texas at Austin
2667,University of Texas at Austin
2668,University of Texas at Austin
2669,University of Texas at Austin
2670,University of Texas at Austin
2671,University of Texas at Austin
2673,University of Texas at Austin
2676,University of Utah
2677,University of Utah
2678,University of Utah
2679,University of Utah
2680,University of Utah
2681,University of Utah
2682,University of Utah
2683,University of Utah
2684,University of Utah
2686,University of Utah
2687,University of Utah
2688,University of Utah
2690,University of Utah
2691,University of Utah
2692,University of Utah
2693,University of Utah
2694,University of Utah
2695,University of Utah
2696,University of Utah
2697,University of Utah
2698,University of Utah
2699,University of Utah
2700,University of Utah
2701,University of Utah
2702,University of Utah
2703,University of Utah
2704,University of Utah
2705,University of Utah
2706,University of Utah
2707,University of Utah
2708,University of Utah
2709,University of Utah
2710,University of Utah
2711,University of Utah
2712,University of Utah
2713,University of Utah
2714,University of Utah
2715,University of Utah
2716,University of Utah
2717,University of Utah
2718,University of Utah
2719,University of Utah
2720,University of Utah
2722,University of Utah
2723,University of Utah
2724,University of Utah
2725,University of Utah
2726,University of Utah
2727,University of Utah
2728,University of Utah
2729,University of Utah
2730,University of Utah
2731,University of Utah
2732,University of Utah
2733,University of Utah
2734,University of Utah
2736,University of Utah
2738,University of Utah
2739,University of Utah
2741,University of Washington
2742,University of Washington
2743,University of Washington
2744,University of Washington
2745,University of Washington
2746,University of Washington
2747,University of Washington
2748,University of Washington
2749,University of Washington
2750,University of Washington
2751,University of Washington
2753,University of Washington
2754,University of Washington
2755,University of Washington
2756,University of Washington
2757,University of Washington
2758,University of Washington
2759,University of Washington
2760,University of Washington
2761,University of Washington
2762,University of Washington
2763,University of Washington
2764,University of Washington
2765,University of Washington
2766,University of Washington
2767,University of Washington
2768,University of Washington
2769,University of Washington
2770,University of Washington
2771,University of Washington
2772,University of Washington
2773,University of Washington
2774,University of Washington
2775,University of Washington
2777,University of Washington
2778,University of Washington
2779,University of Washington
2780,University of Washingto
2781,University of Washington
2782,University of Washington
2783,University of Washington
2784,University of Washington
2786,University of Washington
2787,University of Washington
2788,University of Washington
2789,University of Washington
2790,University of Washington
2791,University of Washington
2792,University of Washington
2793,University of Washington
2794,University of Washington
2795,University of Washington
2796,University of Washington
2797,University of Washington
2798,University of Washington
2799,University of Washington
2800,University of Washington
2801,University of Washington
2802,University of Washington
2803,University of Washington
2808,University of Washington
2811,University of Washington
2812,University of Washington
2814,University of Washington
2815,University of Washington
2818,University of Washington
2819,University of Washington
2820,University of Washington
2822,University of Washington
2823,University of Washington
2824,University of Washington
2825,University of Washington
2827,University of Washington
2828,University of Washington
2829,University of Washington
2830,University of Washington
2831,University of Washington
2832,University of Washington
2833,University of Washington
2834,University of Washington
2835,University of Washington
2836,University of Washington
2837,University of Washington
2838,University of Washington
2839,University of Washington
2840,University of Washington
2841,University of Washington
2842,University of Washington
2843,University of Washington
2844,University of Washington
2845,University of Washington
2846,University of Washington
2847,University of Washington
2848,University of Washington
2849,University of Washington
2850,University of Washington
2851,University of Washington
2852,University of Washington
2853,University of Washington
2854,University of Washington
2855,University of Washington
2856,University of Washington
2857,University of Washington
2858,University of Washington
2859,University of Washington
2861,University of Washington
2862,University of Washington
2863,University of Washington
2864,University of Washington
2865,University of Washington
2866,University of Washington
2867,University of Washington
2868,University of Washington
2869,University of Washington
2870,University of Washington
2872,University of Washington
2873,University of Washington
2875,University of Washington
2876,University of Washington
2877,University of Washington
2878,University of Washington
2879,University of Washington
2880,University of Washington
2881,University of Washington
2882,University of Washington
2883,University of Washington
2885,Worcester Polytechnic Institute
2886,Worcester Polytechnic Institute
2887,Worcester Polytechnic Institute
2888,Worcester Polytechnic Institute
2889,Worcester Polytechnic Institute
2890,Worcester Polytechnic Institute
2891,Worcester Polytechnic Institute
2892,Worcester Polytechnic Institute
2893,Worcester Polytechnic Institute
2894,Worcester Polytechnic Institute
2895,Worcester Polytechnic Institute
2896,Worcester Polytechnic Institute
2897,Worcester Polytechnic Institute
2898,Worcester Polytechnic Institute
2899,Worcester Polytechnic Institute
2900,Worcester Polytechnic Institute
2901,Worcester Polytechnic Institute
2902,Worcester Polytechnic Institute
2903,Worcester Polytechnic Institute
2904,Worcester Polytechnic Institute
2905,Worcester Polytechnic Institute
2906,Worcester Polytechnic Institute
2907,Worcester Polytechnic Institute
2908,Worcester Polytechnic Institute
2909,Worcester Polytechnic Institute
2910,Worcester Polytechnic Institute
2911,Worcester Polytechnic Institute
2912,Worcester Polytechnic Institute
2913,Worcester Polytechnic Institute
2914,Worcester Polytechnic Institute
2915,Worcester Polytechnic Institute
2916,Worcester Polytechnic Institute
2917,Worcester Polytechnic Institute
2918,Worcester Polytechnic Institute
2919,Worcester Polytechnic Institute
2920,Worcester Polytechnic Institute
2921,Worcester Polytechnic Institute
2922,Worcester Polytechnic Institute
2923,Worcester Polytechnic Institute
2924,Worcester Polytechnic Institute
2925,Worcester Polytechnic Institute
2926,Worcester Polytechnic Institute
2927,Worcester Polytechnic Institute
2928,Worcester Polytechnic Institute
2929,Worcester Polytechnic Institute
2930,Worcester Polytechnic Institute
2932,Worcester Polytechnic Institute
2934,Worcester Polytechnic Institute
2936,Worcester Polytechnic Institute
2937,Worcester Polytechnic Institute
2940,Worcester Polytechnic Institute
2941,Worcester Polytechnic Institute
2942,Worcester Polytechnic Institute
2944,Worcester Polytechnic Institute
2948,Worcester Polytechnic Institute
2949,Worcester Polytechnic Institute
